create sequence mid increment by 1 start with 1;
--创建专业表
create table major(
    mid         int           primary key,    
    mname       varchar2(50)  not null,       
    director    varchar2(50)  not null,
    gradecount  int        
);

--创建班级表序列
create sequence gid increment by 1 start with 1;
--创建班级表
create table grade(
    gid         int           primary key,    
    gname       varchar2(50)  not null,       
    year        char(4)       not null,       
    mid         int           not null,   
    stucount    int,
    foreign key (mid) references major(mid) on delete cascade
);

--创建学生表
create table student(
    sno         char(9)       primary key,    
    sname       varchar2(50)  not null,       
    ssex        char(3)       not null,       
    sage        smallint      not null,       
    gid         int           not null,       
    foreign key (gid) references grade(gid) on delete cascade
);

--创建课程表
create table course(
    cno         char(6)       primary key,   
    cname       varchar2(50)  not null,       
    credit      number(2,1)   not null,       
    period      smallint      not null        
);

--创建选课表
create table sc(
    sno         char(9)       not null,       
    cno         char(6)       not null,       
    grade       number(4,1),                  
    primary key(sno,cno),
    foreign key (sno) references student(sno) on delete cascade,
    foreign key (cno) references course(cno) on delete cascade
);

--创建用户表序列
create sequence user_id increment by 1 start with 1;
--创建用户表表
create table users(
    id          int           primary key,
    username    varchar2(50)  not null,
    password    varchar2(50)  not null
);
--**************************统计班级数量触发器开始***********************
create or replace trigger tr_grade
after insert or delete or update on grade
declare
  cursor cur_grade is select mid,count(*) count from grade group by mid;
begin
  for temp in cur_grade loop
    update major set gradecount = temp.count where mid = temp.mid;
  end loop;
end tr_grade;
--**************************统计班级数量触发器结束***********************
--**************************统计学生数量触发器开始***********************
create or replace trigger tr_student
after insert or delete or update on student
declare
  cursor cur_student is select gid,count(*) count from student group by gid;
begin
  for temp in cur_student loop
    update grade set stucount = temp.count where gid = temp.gid;
  end loop;
end tr_student;
--**************************统计学生数量触发器结束***********************

--插入专业表数据
insert into major(mid,mname,director) values(mid.nextval,'电气工程及其自动化','罗敏');
insert into major(mid,mname,director) values(mid.nextval,'电子信息工程','黄海波');
insert into major(mid,mname,director) values(mid.nextval,'电子信息科学与技术','王卫华');
insert into major(mid,mname,director) values(mid.nextval,'自动化','梅建伟');
insert into major(mid,mname,director) values(mid.nextval,'计算机科学与技术','杨亚会');
insert into major(mid,mname,director) values(mid.nextval,'软件工程','徐洪胜');
insert into major(mid,mname,director) values(mid.nextval,'材料成型及控制工程','张三');
insert into major(mid,mname,director) values(mid.nextval,'材料科学与工程','张三');
insert into major(mid,mname,director) values(mid.nextval,'车辆工程','张三');
commit;


--插入班级表数据
insert into grade(gid,gname,year,mid) values(gid.nextval,'计算机141','2014',5);
insert into grade(gid,gname,year,mid) values(gid.nextval,'计算机142','2014',5);
insert into grade(gid,gname,year,mid) values(gid.nextval,'计算机143','2014',5);
insert into grade(gid,gname,year,mid) values(gid.nextval,'软件141','2014',6);
insert into grade(gid,gname,year,mid) values(gid.nextval,'计算机151','2015',5);
insert into grade(gid,gname,year,mid) values(gid.nextval,'计算机152','2015',5);
insert into grade(gid,gname,year,mid) values(gid.nextval,'软件151','2015',6);
insert into grade(gid,gname,year,mid) values(gid.nextval,'软件152','2015',6);
insert into grade(gid,gname,year,mid) values(gid.nextval,'自动化151','2015',4);
insert into grade(gid,gname,year,mid) values(gid.nextval,'自动化152','2015',4);
insert into grade(gid,gname,year,mid) values(gid.nextval,'自动化153','2015',4);
insert into grade(gid,gname,year,mid) values(gid.nextval,'自动化154','2015',4);
commit;

--插入学生表数据
insert into student values('201400601','李勇','男',19,1);
insert into student values('201400602','刘晨','男',20,1);
insert into student values('201400603','王敏','女',20,1);
insert into student values('201400604','张立','男',22,1);
insert into student values('201400605','吴宾','女',21,1);
insert into student values('201400606','张海','男',20,1);
insert into student values('201400607','钱小平','女',18,1);
insert into student values('201400608','王大力','男',19,1);
insert into student values('201400609','张健','男',19,1);
insert into student values('201400610','张齐朴','男',19,1);
insert into student values('201400611','何世焱','男',19,1);
insert into student values('201400612','乔勇','男',19,1);
insert into student values('201400613','余天璞','男',19,1);
insert into student values('201400614','郑德祥','男',19,1);
insert into student values('201400615','沈忱','男',19,1);
insert into student values('201400616','杜达林','男',19,1);
insert into student values('201400617','方科','男',19,1);
insert into student values('201400618','崔昌瑞','男',19,1);
insert into student values('201400619','蔡基利','男',19,1);
insert into student values('201400620','陈礼锐','男',19,1);

insert into student values('201400630','刘大伟','男',19,2);
insert into student values('201400631','杨宝宏','男',19,2);
insert into student values('201400632','陈立淦','男',19,2);
insert into student values('201400633','肖克','男',19,2);
insert into student values('201400634','郭清吉','男',19,2);
insert into student values('201400635','代磊','男',19,2);
insert into student values('201400636','刘斌龙','男',19,2);
insert into student values('201400637','陈少鹏','男',19,2);
insert into student values('201400638','张嘉伟','男',19,2);
insert into student values('201400639','李博古','男',19,2);
insert into student values('201400640','金力','男',19,2);
insert into student values('201400641','张景峰','男',19,2);
insert into student values('201400642','张仁涛','男',19,2);
insert into student values('201400643','裴晓斌','男',19,2);
insert into student values('201400644','李成','男',19,2);
insert into student values('201400645','王龙','男',19,2);
insert into student values('201400646','史成林','男',19,2);
insert into student values('201400647','刘其辉','男',19,2);
insert into student values('201400648','张锋','男',19,2);
insert into student values('201400649','常铮','男',19,2);
insert into student values('201400650','王娜娜','女',19,2);
insert into student values('201400651','严涛','男',19,2);
insert into student values('201400652','李江','男',19,2);
insert into student values('201400653','李晓真','男',19,2);
insert into student values('201400654','罗雷','男',19,2);
insert into student values('201400655','李豪','男',19,2);
insert into student values('201400656','高瞻','男',19,2);
insert into student values('201400657','吴建兵','男',19,2);
insert into student values('201400658','陈新坤','男',19,2);
insert into student values('201400659','李盼','男',19,2);
insert into student values('201400660','潘威','男',19,2);
insert into student values('201400661','陈光银','男',19,2);

insert into student values('201400670','吕建雨','男',19,3);
insert into student values('201400671','尚前进','男',19,3);
insert into student values('201400672','陈龙','男',19,3);
insert into student values('201400673','潘和星','男',19,3);
insert into student values('201400674','陈⒎','男',19,3);
insert into student values('201400675','罗烈','男',19,3);
insert into student values('201400676','陈涛','男',19,3);
insert into student values('201400677','许泽亭','男',19,3);
insert into student values('201400678','卢秦亮','男',19,3);
insert into student values('201400679','张云飞','男',19,3);
insert into student values('201400680','史博文','男',19,3);
insert into student values('201400681','龚进伟','男',19,3);
insert into student values('201400682','周靖','男',19,3);
insert into student values('201400683','孙亚鹏','男',19,3);
insert into student values('201400684','陈强','男',19,3);
insert into student values('201400685','罗四维','男',19,3);
insert into student values('201400686','赫中翮','男',19,3);
insert into student values('201400687','王辉','男',19,3);
insert into student values('201400688','刁峦','男',19,3);
insert into student values('201400689','白小康','男',19,3);
insert into student values('201400690','方敏','男',19,3);
insert into student values('201400691','张博文','男',19,3);
insert into student values('201400692','秦正位','男',19,3);
insert into student values('201400693','熊海森','男',19,3);
insert into student values('201400694','曾虎','男',19,3);
insert into student values('201400695','张小华','男',19,3);
insert into student values('201400696','宋亚威','男',19,3);
insert into student values('201400697','张龙','男',19,3);
insert into student values('201400698','王德红','男',19,3);
insert into student values('201400699','杨文亮','男',19,3);
insert into student values('201400700','石东','男',19,3);
insert into student values('201400701','董求求','男',19,3);

insert into student values('201500488','杨武','男',19,9);
insert into student values('201500775','徐康','男',19,9);
insert into student values('201500816','袁磊','男',19,9);
insert into student values('201500824','柯信','男',19,9);
insert into student values('201500831','周豪杰','男',19,9);
insert into student values('201500832','孟春节','男',19,9);
insert into student values('201500833','苏逸帆','男',19,9);
insert into student values('201500834','陈恒锋','男',19,9);
insert into student values('201500835','申能','男',19,9);
insert into student values('201500836','姜明','男',19,9);
insert into student values('201500843','张杨','男',19,9);
insert into student values('201502005','吕豪','男',19,9);
insert into student values('201500855','邹元广','男',19,9);
insert into student values('201500856','阳争超','男',19,9);
insert into student values('201500857','柯贤聪','男',19,9);
insert into student values('201500858','余邦豪','男',19,9);
insert into student values('201500859','南亮亮','男',19,9);
insert into student values('201500860','卢旭','男',19,9);
insert into student values('201500861','郭志欣','男',19,9);
insert into student values('201500862','张律','男',19,10);
insert into student values('201500863','张雨佳','男',19,10);
insert into student values('201500864','林小丰','男',19,10);
insert into student values('201500865','齐斌凯','男',19,10);
insert into student values('201500866','程东承','男',19,10);
insert into student values('201500867','侯华龙','男',19,10);
insert into student values('201500868','胡宇航','男',19,10);
insert into student values('201500869','吴素谦','男',19,10);
insert into student values('201500870','王高','男',19,10);
insert into student values('201500871','葛龙','男',19,10);
insert into student values('201500872','黄鑫','男',19,10);
insert into student values('201500873','郑兴','男',19,10);
insert into student values('201500875','银泽','男',19,10);
insert into student values('201500876','刘宇炜','男',19,10);
insert into student values('201500878','罗志刚','男',19,10);
insert into student values('201500879','胡耀天','男',19,10);
insert into student values('201500880','王璇','男',19,10);
insert into student values('201500881','蒲星宇','男',19,10);
insert into student values('201500882','艾杰','男',19,10);
insert into student values('201500883','夏超锋','男',19,10);
insert into student values('201500885','张雨','男',19,10);
insert into student values('201500886','李龙','男',19,10);
insert into student values('201500380','张稳','男',19,10);
insert into student values('201500890','汪向杰','男',19,11);
insert into student values('201500891','丁明波','男',19,11);
insert into student values('201500892','李冲','男',19,11);
insert into student values('201500893','刘栋梁','男',19,11);
insert into student values('201500894','王鹏坤','男',19,11);
insert into student values('201500895','魏磊斌','男',19,11);
insert into student values('201500896','邓玢璐','男',19,11);
insert into student values('201500897','李志文','男',19,11);
insert into student values('201500898','陶新宇','男',19,11);
insert into student values('201500899','赵德坤','男',19,11);
insert into student values('201500900','王博文','男',19,11);
insert into student values('201500901','彭文豪','男',19,11);
insert into student values('201500902','黄飞灵','男',19,11);
insert into student values('201500903','周晓双','男',19,11);
insert into student values('201500904','张清亮','男',19,11);
insert into student values('201500905','祝小明','男',19,11);
insert into student values('201500907','张元松','男',19,11);
insert into student values('201500908','龚宸','男',19,11);
insert into student values('201500909','向忠旭','男',19,11);
insert into student values('201500910','徐林浩','男',19,11);
insert into student values('201500911','许威','男',19,11);
insert into student values('201500912','吕青秀','男',19,11);
insert into student values('201500913','杨威','男',19,11);
insert into student values('201500914','王佳豪','男',19,11);
insert into student values('201500915','潘昊','男',19,11);
insert into student values('201500916','云登','男',19,11);
insert into student values('201500917','柯奇','男',19,11);
insert into student values('201500918','李鹏飞','男',19,11);
insert into student values('201500919','王清','男',19,11);
insert into student values('201500920','陈立衡','男',19,11);
insert into student values('201500921','曹建彬','男',19,11);
insert into student values('201500922','张泽辰','男',19,11);
insert into student values('201500923','何珊','男',19,11);
insert into student values('201500924','陈苗苗','男',19,11);
insert into student values('201500925','丁雄莉','男',19,11);
insert into student values('201500926','赵梦雨','男',19,11);
insert into student values('201500927','刘书晴','男',19,11);
insert into student values('201501586','沈植诚','男',19,11);
insert into student values('201502413','石炜','男',19,11);
insert into student values('201500930','张知朋','男',19,12);
insert into student values('201500931','张志广','男',19,12);
insert into student values('201500935','盛豆豆','男',19,12);
insert into student values('201500938','刘远智','男',19,12);
insert into student values('201500939','张远','男',19,12);
insert into student values('201500940','卢海宇','男',19,12);
insert into student values('201500941','闻宏','男',19,12);
insert into student values('201500959','葛乾','男',19,12);
insert into student values('201500962','付康浩','男',19,12);
insert into student values('201500966','杨福临','男',19,12);
commit;

--插入课程表数据
insert into course values('020420','C语言程序设计',4,64);
insert into course values('020460','计算机组成原理',4,64);
insert into course values('020610','离散数学',4,64);
insert into course values('020621','数据结构',4,64);
insert into course values('020630','操作系统原理',4,64);
insert into course values('020660','编译原理',3,48);
insert into course values('150014','高等数学',5,80);
insert into course values('020471','计算机网络A',3.5,56);
insert into course values('020720','JAVA程序设计',3,48);
insert into course values('020640','数据库系统原理',3.5,56);
insert into course values('020650','计算机图形学',2.5,40);
insert into course values('020730','算法设计与分析',2.5,40);
insert into course values('020700','数据库系统实现',2.5,40);
insert into course values('020680','软件工程',2.0,32);
commit;

--插入选课表数据
insert into sc values('201400601','020420',92);
insert into sc values('201400601','020460',85);
insert into sc values('201400601','020621',88);
insert into sc values('201400602','020420',90);
insert into sc values('201400602','020460',100);
insert into sc values('201400602','020640',100);

insert into sc values('201400603','020420',90);
insert into sc values('201400603','020460',100);
insert into sc values('201400603','020640',100);
insert into sc values('201400603','020730',100);
insert into sc values('201400603','020700',100);

insert into sc values('201400630','020420',90);
insert into sc values('201400630','020460',100);
insert into sc values('201400630','020680',100);

insert into sc values('201400631','020420',90);
insert into sc values('201400631','020460',100);
insert into sc values('201400631','020650',100);

insert into sc values('201400632','020420',90);
insert into sc values('201400632','020460',100);
insert into sc values('201400632','020471',100);

insert into sc values('201400633','020420',90);
insert into sc values('201400633','020460',100);
insert into sc values('201400633','020720',100);

insert into sc values('201400670','020420',90);
insert into sc values('201400670','020460',100);
insert into sc values('201400670','020730',100);

insert into sc values('201400671','020420',90);
insert into sc values('201400671','020460',100);
insert into sc values('201400671','020621',100);

insert into sc values('201400672','020420',90);
insert into sc values('201400672','020460',100);
insert into sc values('201400672','020730',100);
commit;

insert into users values(user_id.nextval,'admin','admin');
commit;

select * from student;
